[
	{
		"name": "AkashicRankingMode",
		"status": true,
		"description": "ランキング形式のニコ生ゲームを作るためのプラグイン",
		"parameters": {
			"scoreVariableNumber": "1",
			"totalTimeLimit": "75",
			"titleTime": "5",
			"graceTime": "10",
			"prohibitMenu": "1",
			"showScore": "1",
			"scoreX": "616",
			"scoreY": "554",
			"scoreWidth": "200",
			"scoreHeight": "70",
			"scoreUnit": "pt",
			"musicVolume": "40",
			"soundVolume": "60"
		}
	},
	{
		"name": "Community_Basic",
		"status": true,
		"description": "基本的なパラメーターを設定するプラグインです。",
		"parameters": {
			"cacheLimit": "20",
			"screenWidth": "816",
			"screenHeight": "624",
			"changeWindowWidthTo": "",
			"changeWindowHeightTo": "",
			"renderingMode": "auto",
			"alwaysDash": "off"
		}
	}
]
