[
	{"name": "AkashicRankingMode","status": true,"description": "ランキング形式のニコ生ゲームを作るためのプラグイン","parameters": {"scoreVariableNumber": "1","totalTimeLimit": "75","titleTime": "5","graceTime": "10","prohibitMenu": "1","showScore": "1","scoreX": "0","scoreY": "0","scoreWidth": "200","scoreHeight": "70","scoreUnit": "pt","musicVolume": "40","soundVolume": "60"}},
	{"name": "Community_Basic","status": true,"description": "基本的なパラメーターを設定するプラグインです。","parameters": {"cacheLimit": "20","screenWidth": "816","screenHeight": "624","changeWindowWidthTo": "","changeWindowHeightTo": "","renderingMode": "auto","alwaysDash": "off"}},
	{"name": "PictureCallCommon","status": true,"description": "ピクチャのボタン化プラグイン","parameters":{"透明色を考慮": "true","ピクチャ番号の変数番号": "0","ポインタX座標の変数番号": "0","ポインタY座標の変数番号": "0","タッチ操作抑制": "false","タッチ操作抑制スイッチ": "0","戦闘中常にコモン実行": "false","並列処理として実行": "false","無効スイッチ": "0"}},
	{"name": "DTextPicture","status": true,"description": "動的文字列ピクチャ生成プラグイン","parameters": {"itemIconSwitchId": "0","lineSpacingVariableId": "0","frameWindowSkin": "","frameWindowPadding": "18","padCharacter": "0","prefixText": ""}}
]
