{
  "32": {
    "x": 0,
    "y": 0
  },
  "33": {
    "x": 20,
    "y": 0
  },
  "34": {
    "x": 40,
    "y": 0
  },
  "35": {
    "x": 60,
    "y": 0
  },
  "36": {
    "x": 80,
    "y": 0
  },
  "37": {
    "x": 100,
    "y": 0
  },
  "38": {
    "x": 120,
    "y": 0
  },
  "39": {
    "x": 140,
    "y": 0
  },
  "40": {
    "x": 160,
    "y": 0
  },
  "41": {
    "x": 180,
    "y": 0
  },
  "42": {
    "x": 200,
    "y": 0
  },
  "43": {
    "x": 220,
    "y": 0
  },
  "44": {
    "x": 240,
    "y": 0
  },
  "45": {
    "x": 260,
    "y": 0
  },
  "46": {
    "x": 280,
    "y": 0
  },
  "47": {
    "x": 300,
    "y": 0
  },
  "48": {
    "x": 0,
    "y": 20
  },
  "49": {
    "x": 20,
    "y": 20
  },
  "50": {
    "x": 40,
    "y": 20
  },
  "51": {
    "x": 60,
    "y": 20
  },
  "52": {
    "x": 80,
    "y": 20
  },
  "53": {
    "x": 100,
    "y": 20
  },
  "54": {
    "x": 120,
    "y": 20
  },
  "55": {
    "x": 140,
    "y": 20
  },
  "56": {
    "x": 160,
    "y": 20
  },
  "57": {
    "x": 180,
    "y": 20
  },
  "58": {
    "x": 200,
    "y": 20
  },
  "59": {
    "x": 220,
    "y": 20
  },
  "60": {
    "x": 240,
    "y": 20
  },
  "61": {
    "x": 260,
    "y": 20
  },
  "62": {
    "x": 280,
    "y": 20
  },
  "63": {
    "x": 300,
    "y": 20
  },
  "64": {
    "x": 0,
    "y": 40
  },
  "65": {
    "x": 20,
    "y": 40
  },
  "66": {
    "x": 40,
    "y": 40
  },
  "67": {
    "x": 60,
    "y": 40
  },
  "68": {
    "x": 80,
    "y": 40
  },
  "69": {
    "x": 100,
    "y": 40
  },
  "70": {
    "x": 120,
    "y": 40
  },
  "71": {
    "x": 140,
    "y": 40
  },
  "72": {
    "x": 160,
    "y": 40
  },
  "73": {
    "x": 180,
    "y": 40
  },
  "74": {
    "x": 200,
    "y": 40
  },
  "75": {
    "x": 220,
    "y": 40
  },
  "76": {
    "x": 240,
    "y": 40
  },
  "77": {
    "x": 260,
    "y": 40
  },
  "78": {
    "x": 280,
    "y": 40
  },
  "79": {
    "x": 300,
    "y": 40
  },
  "80": {
    "x": 0,
    "y": 60
  },
  "81": {
    "x": 20,
    "y": 60
  },
  "82": {
    "x": 40,
    "y": 60
  },
  "83": {
    "x": 60,
    "y": 60
  },
  "84": {
    "x": 80,
    "y": 60
  },
  "85": {
    "x": 100,
    "y": 60
  },
  "86": {
    "x": 120,
    "y": 60
  },
  "87": {
    "x": 140,
    "y": 60
  },
  "88": {
    "x": 160,
    "y": 60
  },
  "89": {
    "x": 180,
    "y": 60
  },
  "90": {
    "x": 200,
    "y": 60
  },
  "91": {
    "x": 220,
    "y": 60
  },
  "92": {
    "x": 240,
    "y": 60
  },
  "93": {
    "x": 260,
    "y": 60
  },
  "94": {
    "x": 280,
    "y": 60
  },
  "95": {
    "x": 300,
    "y": 60
  },
  "96": {
    "x": 0,
    "y": 80
  },
  "97": {
    "x": 20,
    "y": 80
  },
  "98": {
    "x": 40,
    "y": 80
  },
  "99": {
    "x": 60,
    "y": 80
  },
  "100": {
    "x": 80,
    "y": 80
  },
  "101": {
    "x": 100,
    "y": 80
  },
  "102": {
    "x": 120,
    "y": 80
  },
  "103": {
    "x": 140,
    "y": 80
  },
  "104": {
    "x": 160,
    "y": 80
  },
  "105": {
    "x": 180,
    "y": 80
  },
  "106": {
    "x": 200,
    "y": 80
  },
  "107": {
    "x": 220,
    "y": 80
  },
  "108": {
    "x": 240,
    "y": 80
  },
  "109": {
    "x": 260,
    "y": 80
  },
  "110": {
    "x": 280,
    "y": 80
  },
  "111": {
    "x": 300,
    "y": 80
  },
  "112": {
    "x": 0,
    "y": 100
  },
  "113": {
    "x": 20,
    "y": 100
  },
  "114": {
    "x": 40,
    "y": 100
  },
  "115": {
    "x": 60,
    "y": 100
  },
  "116": {
    "x": 80,
    "y": 100
  },
  "117": {
    "x": 100,
    "y": 100
  },
  "118": {
    "x": 120,
    "y": 100
  },
  "119": {
    "x": 140,
    "y": 100
  },
  "120": {
    "x": 160,
    "y": 100
  },
  "121": {
    "x": 180,
    "y": 100
  },
  "122": {
    "x": 200,
    "y": 100
  },
  "123": {
    "x": 220,
    "y": 100
  },
  "124": {
    "x": 240,
    "y": 100
  },
  "125": {
    "x": 260,
    "y": 100
  },
  "126": {
    "x": 280,
    "y": 100
  }
}
