{
	"width": 816,
	"height": 624,
	"fps": 60,
	"main": "./script/_bootstrap.js",
	"assets": {
		"tkool_core_index": {
			"type": "script",
			"path": "script/tkool/core/index.js",
			"global": true
		},
		"tkool_managers_index": {
			"type": "script",
			"path": "script/tkool/managers/index.js",
			"global": true
		},
		"tkool_scenes_index": {
			"type": "script",
			"path": "script/tkool/scenes/index.js",
			"global": true
		},
		"tkool_sprites_index": {
			"type": "script",
			"path": "script/tkool/sprites/index.js",
			"global": true
		},
		"tkool_objects_index": {
			"type": "script",
			"path": "script/tkool/objects/index.js",
			"global": true
		},
		"tkool_PIXI_index": {
			"type": "script",
			"path": "script/tkool/PIXI/index.js",
			"global": true
		},
		"tkool_PIXI_filters_index": {
			"type": "script",
			"path": "script/tkool/PIXI/filters/index.js",
			"global": true
		},
		"tkool_windows_index": {
			"type": "script",
			"path": "script/tkool/windows/index.js",
			"global": true
		},
		"main": {
			"type": "script",
			"path": "script/main.js",
			"global": true
		},
		"Graphics": {
			"type": "script",
			"path": "script/tkool/core/Graphics.js",
			"global": true
		},
		"Sprite": {
			"type": "script",
			"path": "script/tkool/core/Sprite.js",
			"global": true
		},
		"TouchInput": {
			"type": "script",
			"path": "script/tkool/core/TouchInput.js",
			"global": true
		},
		"Utils": {
			"type": "script",
			"path": "script/tkool/core/Utils.js",
			"global": true
		},
		"WindowLayer": {
			"type": "script",
			"path": "script/tkool/core/WindowLayer.js",
			"global": true
		},
		"index": {
			"type": "script",
			"path": "script/tkool/index.js",
			"global": true
		},
		"AudioManager": {
			"type": "script",
			"path": "script/tkool/managers/AudioManager.js",
			"global": true
		},
		"DataManager": {
			"type": "script",
			"path": "script/tkool/managers/DataManager.js",
			"global": true
		},
		"ImageManager": {
			"type": "script",
			"path": "script/tkool/managers/ImageManager.js",
			"global": true
		},
		"SceneManager": {
			"type": "script",
			"path": "script/tkool/managers/SceneManager.js",
			"global": true
		},
		"StorageManager": {
			"type": "script",
			"path": "script/tkool/managers/StorageManager.js",
			"global": true
		},
		"SceneBase": {
			"type": "script",
			"path": "script/tkool/scenes/SceneBase.js",
			"global": true
		},
		"SceneBoot": {
			"type": "script",
			"path": "script/tkool/scenes/SceneBoot.js",
			"global": true
		},
		"SceneTitle": {
			"type": "script",
			"path": "script/tkool/scenes/SceneTitle.js",
			"global": true
		},
		"Bitmap": {
			"type": "script",
			"path": "script/tkool/core/Bitmap.js",
			"global": true
		},
		"core_Rectangle": {
			"type": "script",
			"path": "script/tkool/core/Rectangle.js",
			"global": true
		},
		"TextManager": {
			"type": "script",
			"path": "script/tkool/managers/TextManager.js",
			"global": true
		},
		"GameAction": {
			"type": "script",
			"path": "script/tkool/objects/GameAction.js",
			"global": true
		},
		"GameActionResult": {
			"type": "script",
			"path": "script/tkool/objects/GameActionResult.js",
			"global": true
		},
		"GameBattler": {
			"type": "script",
			"path": "script/tkool/objects/GameBattler.js",
			"global": true
		},
		"GameBattlerBase": {
			"type": "script",
			"path": "script/tkool/objects/GameBattlerBase.js",
			"global": true
		},
		"GameCharacter": {
			"type": "script",
			"path": "script/tkool/objects/GameCharacter.js",
			"global": true
		},
		"GameCharacterBase": {
			"type": "script",
			"path": "script/tkool/objects/GameCharacterBase.js",
			"global": true
		},
		"GameFollower": {
			"type": "script",
			"path": "script/tkool/objects/GameFollower.js",
			"global": true
		},
		"GameFollowers": {
			"type": "script",
			"path": "script/tkool/objects/GameFollowers.js",
			"global": true
		},
		"GameItem": {
			"type": "script",
			"path": "script/tkool/objects/GameItem.js",
			"global": true
		},
		"GameParty": {
			"type": "script",
			"path": "script/tkool/objects/GameParty.js",
			"global": true
		},
		"GamePlayer": {
			"type": "script",
			"path": "script/tkool/objects/GamePlayer.js",
			"global": true
		},
		"GameUnit": {
			"type": "script",
			"path": "script/tkool/objects/GameUnit.js",
			"global": true
		},
		"GameActor": {
			"type": "script",
			"path": "script/tkool/objects/GameActor.js",
			"global": true
		},
		"GameActors": {
			"type": "script",
			"path": "script/tkool/objects/GameActors.js",
			"global": true
		},
		"Container": {
			"type": "script",
			"path": "script/tkool/PIXI/Container.js",
			"global": true
		},
		"Rectangle": {
			"type": "script",
			"path": "script/tkool/PIXI/Rectangle.js",
			"global": true
		},
		"Window": {
			"type": "script",
			"path": "script/tkool/core/Window.js",
			"global": true
		},
		"WindowBase": {
			"type": "script",
			"path": "script/tkool/windows/WindowBase.js",
			"global": true
		},
		"WindowCommand": {
			"type": "script",
			"path": "script/tkool/windows/WindowCommand.js",
			"global": true
		},
		"WindowSelectable": {
			"type": "script",
			"path": "script/tkool/windows/WindowSelectable.js",
			"global": true
		},
		"WindowTitleCommand": {
			"type": "script",
			"path": "script/tkool/windows/WindowTitleCommand.js",
			"global": true
		},
		"GameSystem": {
			"type": "script",
			"path": "script/tkool/objects/GameSystem.js",
			"global": true
		},
		"Texture": {
			"type": "script",
			"path": "script/tkool/PIXI/Texture.js",
			"global": true
		},
		"ScreenSprite": {
			"type": "script",
			"path": "script/tkool/core/ScreenSprite.js",
			"global": true
		},
		"Point": {
			"type": "script",
			"path": "script/tkool/PIXI/Point.js",
			"global": true
		},
		"Stage": {
			"type": "script",
			"path": "script/tkool/core/Stage.js",
			"global": true
		},
		"Tilemap": {
			"type": "script",
			"path": "script/tkool/core/Tilemap.js",
			"global": true
		},
		"TilingSprite": {
			"type": "script",
			"path": "script/tkool/core/TilingSprite.js",
			"global": true
		},
		"ToneSprite": {
			"type": "script",
			"path": "script/tkool/core/ToneSprite.js",
			"global": true
		},
		"Weather": {
			"type": "script",
			"path": "script/tkool/core/Weather.js",
			"global": true
		},
		"SceneMap": {
			"type": "script",
			"path": "script/tkool/scenes/SceneMap.js",
			"global": true
		},
		"SpriteAnimation": {
			"type": "script",
			"path": "script/tkool/sprites/SpriteAnimation.js",
			"global": true
		},
		"SpriteBalloon": {
			"type": "script",
			"path": "script/tkool/sprites/SpriteBalloon.js",
			"global": true
		},
		"SpriteBase": {
			"type": "script",
			"path": "script/tkool/sprites/SpriteBase.js",
			"global": true
		},
		"SpriteButton": {
			"type": "script",
			"path": "script/tkool/sprites/SpriteButton.js",
			"global": true
		},
		"SpriteCharacter": {
			"type": "script",
			"path": "script/tkool/sprites/SpriteCharacter.js",
			"global": true
		},
		"SpriteDestination": {
			"type": "script",
			"path": "script/tkool/sprites/SpriteDestination.js",
			"global": true
		},
		"SpritePicture": {
			"type": "script",
			"path": "script/tkool/sprites/SpritePicture.js",
			"global": true
		},
		"SpriteTimer": {
			"type": "script",
			"path": "script/tkool/sprites/SpriteTimer.js",
			"global": true
		},
		"SpritesetBase": {
			"type": "script",
			"path": "script/tkool/sprites/SpritesetBase.js",
			"global": true
		},
		"SpritesetMap": {
			"type": "script",
			"path": "script/tkool/sprites/SpritesetMap.js",
			"global": true
		},
		"WindowChoiceList": {
			"type": "script",
			"path": "script/tkool/windows/WindowChoiceList.js",
			"global": true
		},
		"WindowEventItem": {
			"type": "script",
			"path": "script/tkool/windows/WindowEventItem.js",
			"global": true
		},
		"WindowGold": {
			"type": "script",
			"path": "script/tkool/windows/WindowGold.js",
			"global": true
		},
		"WindowItemList": {
			"type": "script",
			"path": "script/tkool/windows/WindowItemList.js",
			"global": true
		},
		"WindowMapName": {
			"type": "script",
			"path": "script/tkool/windows/WindowMapName.js",
			"global": true
		},
		"WindowMenuCommand": {
			"type": "script",
			"path": "script/tkool/windows/WindowMenuCommand.js",
			"global": true
		},
		"WindowMessage": {
			"type": "script",
			"path": "script/tkool/windows/WindowMessage.js",
			"global": true
		},
		"WindowNumberInput": {
			"type": "script",
			"path": "script/tkool/windows/WindowNumberInput.js",
			"global": true
		},
		"WindowScrollText": {
			"type": "script",
			"path": "script/tkool/windows/WindowScrollText.js",
			"global": true
		},
		"BattleManager": {
			"type": "script",
			"path": "script/tkool/managers/BattleManager.js",
			"global": true
		},
		"GameCommonEvent": {
			"type": "script",
			"path": "script/tkool/objects/GameCommonEvent.js",
			"global": true
		},
		"GameEnemy": {
			"type": "script",
			"path": "script/tkool/objects/GameEnemy.js",
			"global": true
		},
		"GameEvent": {
			"type": "script",
			"path": "script/tkool/objects/GameEvent.js",
			"global": true
		},
		"GameInterpreter": {
			"type": "script",
			"path": "script/tkool/objects/GameInterpreter.js",
			"global": true
		},
		"GameMap": {
			"type": "script",
			"path": "script/tkool/objects/GameMap.js",
			"global": true
		},
		"GameMessage": {
			"type": "script",
			"path": "script/tkool/objects/GameMessage.js",
			"global": true
		},
		"GameTimer": {
			"type": "script",
			"path": "script/tkool/objects/GameTimer.js",
			"global": true
		},
		"GameTroop": {
			"type": "script",
			"path": "script/tkool/objects/GameTroop.js",
			"global": true
		},
		"GameVehicle": {
			"type": "script",
			"path": "script/tkool/objects/GameVehicle.js",
			"global": true
		},
		"SceneBattle": {
			"type": "script",
			"path": "script/tkool/scenes/SceneBattle.js",
			"global": true
		},
		"ObservablePoint": {
			"type": "script",
			"path": "script/tkool/PIXI/ObservablePoint.js",
			"global": true
		},
		"GamePicture": {
			"type": "script",
			"path": "script/tkool/objects/GamePicture.js",
			"global": true
		},
		"GameScreen": {
			"type": "script",
			"path": "script/tkool/objects/GameScreen.js",
			"global": true
		},
		"GameTemp": {
			"type": "script",
			"path": "script/tkool/objects/GameTemp.js",
			"global": true
		},
		"ColorMatrixFilter": {
			"type": "script",
			"path": "script/tkool/PIXI/filters/ColorMatrixFilter.js",
			"global": true
		},
		"Filter": {
			"type": "script",
			"path": "script/tkool/PIXI/filters/Filter.js",
			"global": true
		},
		"ToneFilter": {
			"type": "script",
			"path": "script/tkool/core/ToneFilter.js",
			"global": true
		},
		"SpriteActor": {
			"type": "script",
			"path": "script/tkool/sprites/SpriteActor.js",
			"global": true
		},
		"SpriteBattler": {
			"type": "script",
			"path": "script/tkool/sprites/SpriteBattler.js",
			"global": true
		},
		"SpriteDamage": {
			"type": "script",
			"path": "script/tkool/sprites/SpriteDamage.js",
			"global": true
		},
		"SpriteEnemy": {
			"type": "script",
			"path": "script/tkool/sprites/SpriteEnemy.js",
			"global": true
		},
		"SpriteStateIcon": {
			"type": "script",
			"path": "script/tkool/sprites/SpriteStateIcon.js",
			"global": true
		},
		"SpriteStateOverlay": {
			"type": "script",
			"path": "script/tkool/sprites/SpriteStateOverlay.js",
			"global": true
		},
		"SpriteWeapon": {
			"type": "script",
			"path": "script/tkool/sprites/SpriteWeapon.js",
			"global": true
		},
		"SpritesetBattle": {
			"type": "script",
			"path": "script/tkool/sprites/SpritesetBattle.js",
			"global": true
		},
		"WindowActorCommand": {
			"type": "script",
			"path": "script/tkool/windows/WindowActorCommand.js",
			"global": true
		},
		"WindowBattleActor": {
			"type": "script",
			"path": "script/tkool/windows/WindowBattleActor.js",
			"global": true
		},
		"WindowBattleEnemy": {
			"type": "script",
			"path": "script/tkool/windows/WindowBattleEnemy.js",
			"global": true
		},
		"WindowBattleItem": {
			"type": "script",
			"path": "script/tkool/windows/WindowBattleItem.js",
			"global": true
		},
		"WindowBattleLog": {
			"type": "script",
			"path": "script/tkool/windows/WindowBattleLog.js",
			"global": true
		},
		"WindowBattleSkill": {
			"type": "script",
			"path": "script/tkool/windows/WindowBattleSkill.js",
			"global": true
		},
		"WindowBattleStatus": {
			"type": "script",
			"path": "script/tkool/windows/WindowBattleStatus.js",
			"global": true
		},
		"WindowHelp": {
			"type": "script",
			"path": "script/tkool/windows/WindowHelp.js",
			"global": true
		},
		"WindowPartyCommand": {
			"type": "script",
			"path": "script/tkool/windows/WindowPartyCommand.js",
			"global": true
		},
		"WindowSkillList": {
			"type": "script",
			"path": "script/tkool/windows/WindowSkillList.js",
			"global": true
		},
		"SceneGameover": {
			"type": "script",
			"path": "script/tkool/scenes/SceneGameover.js",
			"global": true
		},
		"SoundManager": {
			"type": "script",
			"path": "script/tkool/managers/SoundManager.js",
			"global": true
		},
		"GameVariables": {
			"type": "script",
			"path": "script/tkool/objects/GameVariables.js",
			"global": true
		},
		"GameSelfSwitches": {
			"type": "script",
			"path": "script/tkool/objects/GameSelfSwitches.js",
			"global": true
		},
		"GameSwitches": {
			"type": "script",
			"path": "script/tkool/objects/GameSwitches.js",
			"global": true
		},
		"parameterObject": {
			"type": "script",
			"path": "script/parameterObject.js",
			"global": true
		},
		"_bootstrap": {
			"type": "script",
			"path": "script/_bootstrap.js",
			"global": true
		},
		"PluginManager": {
			"type": "script",
			"path": "script/tkool/managers/PluginManager.js",
			"global": true
		},
		"AkashicRankingMode": {
			"type": "script",
			"path": "script/tkool/plugins/AkashicRankingMode.js",
			"global": true
		},
		"Plugins": {
			"type": "text",
			"path": "text/Plugins.json",
			"global": true
		},
		"SceneEquip": {
			"type": "script",
			"path": "script/tkool/scenes/SceneEquip.js",
			"global": true
		},
		"SceneGameEnd": {
			"type": "script",
			"path": "script/tkool/scenes/SceneGameEnd.js",
			"global": true
		},
		"SceneItem": {
			"type": "script",
			"path": "script/tkool/scenes/SceneItem.js",
			"global": true
		},
		"SceneItemBase": {
			"type": "script",
			"path": "script/tkool/scenes/SceneItemBase.js",
			"global": true
		},
		"SceneMenu": {
			"type": "script",
			"path": "script/tkool/scenes/SceneMenu.js",
			"global": true
		},
		"SceneMenuBase": {
			"type": "script",
			"path": "script/tkool/scenes/SceneMenuBase.js",
			"global": true
		},
		"SceneOptions": {
			"type": "script",
			"path": "script/tkool/scenes/SceneOptions.js",
			"global": true
		},
		"SceneSkill": {
			"type": "script",
			"path": "script/tkool/scenes/SceneSkill.js",
			"global": true
		},
		"SceneStatus": {
			"type": "script",
			"path": "script/tkool/scenes/SceneStatus.js",
			"global": true
		},
		"WindowEquipCommand": {
			"type": "script",
			"path": "script/tkool/windows/WindowEquipCommand.js",
			"global": true
		},
		"WindowEquipItem": {
			"type": "script",
			"path": "script/tkool/windows/WindowEquipItem.js",
			"global": true
		},
		"WindowEquipSlot": {
			"type": "script",
			"path": "script/tkool/windows/WindowEquipSlot.js",
			"global": true
		},
		"WindowEquipStatus": {
			"type": "script",
			"path": "script/tkool/windows/WindowEquipStatus.js",
			"global": true
		},
		"WindowGameEnd": {
			"type": "script",
			"path": "script/tkool/windows/WindowGameEnd.js",
			"global": true
		},
		"WindowHorzCommand": {
			"type": "script",
			"path": "script/tkool/windows/WindowHorzCommand.js",
			"global": true
		},
		"WindowItemCategory": {
			"type": "script",
			"path": "script/tkool/windows/WindowItemCategory.js",
			"global": true
		},
		"WindowMenuActor": {
			"type": "script",
			"path": "script/tkool/windows/WindowMenuActor.js",
			"global": true
		},
		"WindowMenuStatus": {
			"type": "script",
			"path": "script/tkool/windows/WindowMenuStatus.js",
			"global": true
		},
		"WindowOptions": {
			"type": "script",
			"path": "script/tkool/windows/WindowOptions.js",
			"global": true
		},
		"WindowSkillStatus": {
			"type": "script",
			"path": "script/tkool/windows/WindowSkillStatus.js",
			"global": true
		},
		"WindowSkillType": {
			"type": "script",
			"path": "script/tkool/windows/WindowSkillType.js",
			"global": true
		},
		"WindowStatus": {
			"type": "script",
			"path": "script/tkool/windows/WindowStatus.js",
			"global": true
		},
		"SceneShop": {
			"type": "script",
			"path": "script/tkool/scenes/SceneShop.js",
			"global": true
		},
		"WindowShopBuy": {
			"type": "script",
			"path": "script/tkool/windows/WindowShopBuy.js",
			"global": true
		},
		"WindowShopCommand": {
			"type": "script",
			"path": "script/tkool/windows/WindowShopCommand.js",
			"global": true
		},
		"WindowShopNumber": {
			"type": "script",
			"path": "script/tkool/windows/WindowShopNumber.js",
			"global": true
		},
		"WindowShopSell": {
			"type": "script",
			"path": "script/tkool/windows/WindowShopSell.js",
			"global": true
		},
		"WindowShopStatus": {
			"type": "script",
			"path": "script/tkool/windows/WindowShopStatus.js",
			"global": true
		}
	},
	"environment": {
		"sandbox-runtime": "3",
		"nicolive": {
			"supportedModes": [
				"ranking",
				"single"
			]
		}
	},
	"globalScripts": []
}
